source_title,source_url,published_at,quote_text,category,punch_score,tone,tweet_version,card_version,caption_version
Catholic Christian Speaker - Dr. Marcus Peter,https://www.marcusbpeter.com/p/catholic-christian-speaker,2025-11-29,"There is no greater hope for happiness than in Christ Jesus our Lord, and His bride, the Church!",quote_card,9,hope,"No greater hope for happiness than in Christ Jesus and His bride, the Church!",No greater hope than in Christ and His Church!,"There is no greater hope for happiness than in Christ Jesus our Lord, and His bride, the Church!"
Catholic Christian Speaker - Dr. Marcus Peter,https://www.marcusbpeter.com/p/catholic-christian-speaker,2025-11-29,Christ’s Sacrifice on the Cross opened the doorway for all of us to be set free!,quote_card,8,theology,Christ’s Sacrifice on the Cross opened the doorway for all of us to be set free!,Christ’s Sacrifice opened the doorway to freedom!,Christ’s Sacrifice on the Cross opened the doorway for all of us to be set free!
Catholic Christian Speaker - Dr. Marcus Peter,https://www.marcusbpeter.com/p/catholic-christian-speaker,2025-11-29,We can now enter into the glories of Heaven with our Beloved Eternal Father!,tweet,7,hope,We can now enter into the glories of Heaven with our Beloved Eternal Father!,Enter Heaven's glory with the Eternal Father!,We can now enter into the glories of Heaven with our Beloved Eternal Father!
"Dr. Marcus B. Peter | Marcus B. Peter, Th.D. | Substack",https://www.marcusbpeter.com/t/talks,2025-11-29,The shedding of blood atoned for the sins of mankind.,quote_card,9,theology,The shedding of blood atoned for the sins of mankind.,Blood atoned for sins.,The shedding of blood atoned for the sins of mankind. This is the heart of redemption.
"Dr. Marcus B. Peter | Marcus B. Peter, Th.D. | Substack",https://www.marcusbpeter.com/t/talks,2025-11-29,"Attacks against manhood, marriage, and family are attacks on God's design.",tweet,8,warning,"Attacks on manhood, marriage, and family are attacks on God's design.",Attacks on God's design.,"Attacks against manhood, marriage, and family are not just cultural shifts; they are assaults on God's design."
"Dr. Marcus B. Peter | Marcus B. Peter, Th.D. | Substack",https://www.marcusbpeter.com/t/talks,2025-11-29,"Advent and Christmas transform Christian life, ushering in hope and renewal.",long_caption,7,hope,Advent and Christmas transform life with hope and renewal.,Advent transforms life.,"Advent and Christmas transform Christian life, ushering in a season of hope and renewal."
"Dr. Marcus B. Peter | Marcus B. Peter, Th.D. | Substack",https://www.marcusbpeter.com/t/christian-faith,2025-11-29,Abraham's lineage finds its climax in Christ.,quote_card,9,theology,Abraham's lineage finds its climax in Christ.,Abraham's lineage climaxes in Christ.,The story of Abraham finds its ultimate fulfillment in the person of Christ.
"Dr. Marcus B. Peter | Marcus B. Peter, Th.D. | Substack",https://www.marcusbpeter.com/t/christian-faith,2025-11-29,Our restless hearts long for infinite satisfaction found only in God.,tweet,8,hope,Our restless hearts long for infinite satisfaction found only in God.,Infinite satisfaction is found only in God.,"In our restless search for fulfillment, only God offers the infinite satisfaction we seek."
"Dr. Marcus B. Peter | Marcus B. Peter, Th.D. | Substack",https://www.marcusbpeter.com/t/christian-faith,2025-11-29,We must share God's truth for eternal salvation.,long_caption,7,conversion,We must share God's truth for eternal salvation.,Share God's truth for salvation.,"Our words may be limited, but we are called to share God's truth for the sake of eternal salvation."
"Dr. Marcus B. Peter | Marcus B. Peter, Th.D. | Substack",https://www.marcusbpeter.com/t/interviews,2025-11-29,The Scriptures and the writings of the Early Church led me from Pentecostalism to Catholicism.,conversion,8,theology,The Scriptures and Early Church writings led me from Pentecostalism to Catholicism.,Scripture led me to Catholicism.,The Scriptures and the writings of the Early Church were my path from Pentecostalism to Catholicism.
"Dr. Marcus B. Peter | Marcus B. Peter, Th.D. | Substack",https://www.marcusbpeter.com/t/interviews,2025-11-29,My time in Pentecostalism prepared me for Catholic evangelization.,conversion,7,hope,Pentecostalism prepared me for Catholic evangelization.,"Pentecostal roots, Catholic mission.",My time in Pentecostalism was a preparation for my mission in Catholic evangelization.
"Dr. Marcus B. Peter | Marcus B. Peter, Th.D. | Substack",https://www.marcusbpeter.com/t/posts,2025-11-29,Defend the dignity of every person; it's a Catholic call.,quote_card,9,theology,Defend the dignity of every person; it's a Catholic call.,Defend the dignity of every person.,The Catholic call is clear: defend the dignity of every person. Stand firm in truth and love.
"Dr. Marcus B. Peter | Marcus B. Peter, Th.D. | Substack",https://www.marcusbpeter.com/t/posts,2025-11-29,Gen Z and Gen Alpha are turning back to Christ. Revival is here.,tweet,8,conversion,Gen Z and Gen Alpha are turning back to Christ. Revival is here.,Revival is here.,A new generation is turning back to Christ. Gen Z and Gen Alpha are leading a revival.
"Dr. Marcus B. Peter | Marcus B. Peter, Th.D. | Substack",https://www.marcusbpeter.com/t/posts,2025-11-29,Cultural attacks on human life demand a response. Stand firm.,long_caption,7,warning,Cultural attacks on human life demand a response. Stand firm.,Stand firm against cultural attacks.,"Cultural attacks on human life are real and demand a response. As Catholics, we must stand firm."
Dr. Marcus Peter - Radio Show (Ave Maria in the Afternoon),https://www.marcusbpeter.com/p/radio-show,2025-11-29,Jesus Christ is Lord over ALL areas of human life.,quote_card,8,theology,Jesus Christ is Lord over ALL areas of human life.,Jesus Christ is Lord over ALL.,"In every sphere of existence, Jesus Christ reigns supreme. He is Lord over ALL areas of human life."
Dr. Marcus Peter - Radio Show (Ave Maria in the Afternoon),https://www.marcusbpeter.com/p/radio-show,2025-11-29,"The Church, throughout her history, has answered all questions mankind has about life.",long_caption,7,theology,The Church has answered all questions mankind has about life.,The Church answers life's questions.,"Throughout history, the Church has tirelessly answered all questions mankind poses about life."
Dr. Marcus Peter - Radio Show (Ave Maria in the Afternoon),https://www.marcusbpeter.com/p/radio-show,2025-11-29,Dr. Peter presents news and current events through Church teachings.,tweet,6,conversion,Dr. Peter presents news through Church teachings.,News through Church teachings.,"Dr. Peter offers a unique perspective, presenting news and current events through the lens of Church teachings."
Dr. Marcus Peter - Radio Show (Ave Maria in the Afternoon),https://www.marcusbpeter.com/p/radio-show,2025-11-29,Dr. Marcus Peter blends intellect with deep passion and love for the faith.,quote_card,8,theology,Dr. Marcus Peter blends intellect with deep passion for the faith.,Intellect meets passion in faith.,Dr. Marcus Peter: where intellect meets deep passion and love for the faith.
Dr. Marcus Peter - Radio Show (Ave Maria in the Afternoon),https://www.marcusbpeter.com/p/radio-show,2025-11-29,Ave Maria in the Afternoon transforms lives daily through faith and intellect.,long_caption,7,conversion,Ave Maria in the Afternoon transforms lives through faith and intellect.,Transforming lives through faith.,Ave Maria in the Afternoon: transforming lives daily through faith and intellect.
Dr. Marcus Peter - TV Show (Unveiling the Covenants),https://www.marcusbpeter.com/p/tv-show,2025-11-29,God's selfless love transforms our entire life.,quote_card,8,theology,God's selfless love transforms our life.,God's love transforms us.,God's selfless outpouring of love transforms our entire life.
Dr. Marcus Peter - TV Show (Unveiling the Covenants),https://www.marcusbpeter.com/p/tv-show,2025-11-29,"We belong entirely to God, and His love is our transformation.",long_caption,7,conversion,We belong to God; His love transforms us.,We belong to God.,"We belong entirely to God, and His love is our transformation."
Dr. Marcus Peter - TV Show (Unveiling the Covenants),https://www.marcusbpeter.com/p/tv-show,2025-11-29,Wondering why obstacles block your path? Seek divine breakthrough.,tweet,6,hope,Wondering why obstacles block your path? Seek divine breakthrough.,Seek divine breakthrough.,Wondering why obstacles block your path? Seek divine breakthrough.
Dr. Marcus Peter - TV Show (Unveiling the Covenants),https://www.marcusbpeter.com/p/tv-show,2025-11-29,"The Marriage Ceremony, the Mass, and the New Covenant come together in divine harmony.",quote_card,8,theology,"The Marriage Ceremony, the Mass, and the New Covenant unite in divine harmony.","Marriage, Mass, New Covenant: Divine Harmony.","Witness the divine harmony of the Marriage Ceremony, the Mass, and the New Covenant."
Dr. Marcus Peter - TV Show (Unveiling the Covenants),https://www.marcusbpeter.com/p/tv-show,2025-11-29,"You cannot listen without rejoicing, without weeping, without dancing in thanksgiving to Our God.",long_caption,7,hope,"Listen and you will rejoice, weep, and dance in thanksgiving to Our God.","Rejoice, weep, dance in thanksgiving.","Listen and find yourself rejoicing, weeping, and dancing in thanksgiving to Our God."
Dr. Marcus Peter - TV Show (Unveiling the Covenants),https://www.marcusbpeter.com/p/tv-show,2025-11-29,Marcus' talk on the Marriage Covenant and the Mass takes your breath away.,tweet,6,conversion,Marcus' talk on the Marriage Covenant and the Mass takes your breath away.,Marriage Covenant & Mass: Breathtaking.,Marcus' talk on the Marriage Covenant and the Mass is breathtaking and soul-stirring.
"Reclaiming the Aeropagus - by Marcus B. Peter, Th.D.",https://www.marcusbpeter.com/p/reclaiming-the-aeropagus,2025-11-29,The Gospel demands active cultural engagement and intellectual rigor.,quote_card,9,theology,The Gospel demands active cultural engagement and intellectual rigor.,The Gospel demands cultural engagement.,The Gospel demands active cultural engagement and intellectual rigor. Retreating into enclaves is not an option.
"Reclaiming the Aeropagus - by Marcus B. Peter, Th.D.",https://www.marcusbpeter.com/p/reclaiming-the-aeropagus,2025-11-29,Paul ventured into the intellectual heart of pagan culture with transformative results.,tweet,8,conversion,Paul entered the heart of pagan culture and transformed it.,Paul transformed pagan culture.,Paul ventured into the intellectual heart of pagan culture and achieved transformative results. We must do the same.
"Reclaiming the Aeropagus - by Marcus B. Peter, Th.D.",https://www.marcusbpeter.com/p/reclaiming-the-aeropagus,2025-11-29,Retreating into religious enclaves is not an option for Christians today.,long_caption,7,warning,Retreating into enclaves is not an option for Christians.,No retreat into enclaves.,Retreating into religious enclaves is not an option for Christians today. Engage with the culture actively.
"Reclaiming the Aeropagus - by Marcus B. Peter, Th.D.",https://www.marcusbpeter.com/p/reclaiming-the-aeropagus,2025-11-29,The time for passive Christianity has ended; robust cultural apologetics are now urgent.,quote_card,9,warning,Passive Christianity is over; robust apologetics are urgent.,Passive Christianity is over.,The era of passive Christianity is over. The urgent need for robust cultural apologetics is undeniable.
"Reclaiming the Aeropagus - by Marcus B. Peter, Th.D.",https://www.marcusbpeter.com/p/reclaiming-the-aeropagus,2025-11-29,"Western civilization stands at a crossroads, dismantled by secular indoctrination.",long_caption,8,warning,"Western civilization is at a crossroads, dismantled by secular indoctrination.",Civilization at a crossroads.,"Contemporary Western civilization stands at a crossroads, systematically dismantled by decades of secular indoctrination."
"Reclaiming the Aeropagus - by Marcus B. Peter, Th.D.",https://www.marcusbpeter.com/p/reclaiming-the-aeropagus,2025-11-29,Institutions once safeguarding Christian principles are now captured by ideologies opposed to biblical truth.,tweet,10,warning,Institutions once safeguarding Christian principles now oppose biblical truth.,Guardians turned adversaries.,The institutions that once safeguarded Christian principles are now captured by ideologies fundamentally opposed to biblical truth.
"Reclaiming the Aeropagus - by Marcus B. Peter, Th.D.",https://www.marcusbpeter.com/p/reclaiming-the-aeropagus,2025-11-29,Moral relativism breeds a generation that sees absolute truth as oppression.,quote_card,9,warning,Moral relativism breeds a generation that sees absolute truth as oppression.,Relativism sees truth as oppression.,Moral relativism breeds a generation that views absolute truth as inherently oppressive. Stand firm in truth.
"Reclaiming the Aeropagus - by Marcus B. Peter, Th.D.",https://www.marcusbpeter.com/p/reclaiming-the-aeropagus,2025-11-29,The worship of autonomy has dethroned divine authority and natural law.,quote_card,8,theology,Autonomy dethrones divine authority and natural law.,Autonomy dethrones divine authority.,"In our age, the worship of individual autonomy has replaced divine authority and natural law. Return to God's order."
"Reclaiming the Aeropagus - by Marcus B. Peter, Th.D.",https://www.marcusbpeter.com/p/reclaiming-the-aeropagus,2025-11-29,"Therapeutic culture turns sin into dysfunction, erasing personal responsibility before God.",quote_card,10,conversion,"Therapeutic culture turns sin into dysfunction, erasing responsibility before God.",Sin is not dysfunction. Own it.,"Our therapeutic culture transforms sin into mere dysfunction, erasing the concept of personal responsibility before God. Acknowledge your sin."
"Reclaiming the Aeropagus - by Marcus B. Peter, Th.D.",https://www.marcusbpeter.com/p/reclaiming-the-aeropagus,2025-11-29,The sexual revolution is a symptom of philosophical collapse.,quote_card,9,warning,The sexual revolution is a symptom of philosophical collapse.,The sexual revolution: a symptom of collapse.,The sexual revolution is not just cultural change; it's a symptom of a deeper philosophical collapse.
"Reclaiming the Aeropagus - by Marcus B. Peter, Th.D.",https://www.marcusbpeter.com/p/reclaiming-the-aeropagus,2025-11-29,Western culture has abandoned human dignity rooted in the Imago Dei.,tweet,10,theology,Western culture has abandoned human dignity rooted in the Imago Dei.,Abandoning the Imago Dei.,Western culture has abandoned its sacred understanding of human dignity rooted in the Imago Dei.
"Reclaiming the Aeropagus - by Marcus B. Peter, Th.D.",https://www.marcusbpeter.com/p/reclaiming-the-aeropagus,2025-11-29,Christians must recognize these challenges as worldview conflicts demanding cultural apologetics.,long_caption,8,conversion,Christians must see these challenges as worldview conflicts demanding cultural apologetics.,Worldview conflicts demand apologetics.,Christians must recognize these challenges not as political disagreements but as worldview conflicts demanding cultural apologetics.
"Reclaiming the Aeropagus - by Marcus B. Peter, Th.D.",https://www.marcusbpeter.com/p/reclaiming-the-aeropagus,2025-11-29,"Only the synthesis of Judeo-Christian revelation, natural law, and magisterial teaching can counter nihilistic materialism.",quote_card,9,theology,"Only Judeo-Christian revelation, natural law, and magisterial teaching can counter nihilistic materialism.",Judeo-Christian revelation counters nihilism.,"In a world dominated by nihilistic materialism, only the synthesis of Judeo-Christian revelation, natural law, and magisterial teaching offers a true alternative."
"Reclaiming the Aeropagus - by Marcus B. Peter, Th.D.",https://www.marcusbpeter.com/p/reclaiming-the-aeropagus,2025-11-29,"The synthesis of revelation, natural law, and Catholic teaching is the only intellectual tradition with the depth to respond to modern challenges.",tweet,8,theology,"Revelation, natural law, and Catholic teaching hold the depth to respond to modern challenges.",Catholic teaching responds to modern challenges.,"In today's hostile environment, only the synthesis of revelation, natural law, and Catholic teaching possesses the depth to respond effectively."
"Reclaiming the Aeropagus - by Marcus B. Peter, Th.D.",https://www.marcusbpeter.com/p/reclaiming-the-aeropagus,2025-11-29,"Natural law offers rational arguments for objective moral truth, transcending religious authority yet fully compatible with biblical revelation.",quote_card,9,theology,"Natural law transcends religious authority, offering rational arguments for objective moral truth compatible with biblical revelation.",Natural law: Rational truth beyond religion.,"Natural law transcends religious authority, providing rational arguments for objective moral truth that align with biblical revelation."
"Reclaiming the Aeropagus - by Marcus B. Peter, Th.D.",https://www.marcusbpeter.com/p/reclaiming-the-aeropagus,2025-11-29,"Natural law is the logical foundation for human rights, constitutional government, and social justice.",tweet,8,theology,"Natural law is the foundation for human rights, government, and justice.",Natural law: Foundation for justice.,"Natural law provides the logical foundation for human rights, constitutional government, and social justice."
"Reclaiming the Aeropagus - by Marcus B. Peter, Th.D.",https://www.marcusbpeter.com/p/reclaiming-the-aeropagus,2025-11-29,Natural law enables Christians to engage secular intellectuals on philosophical grounds while maintaining the integrity of revealed truth.,long_caption,7,conversion,Natural law lets Christians engage secular minds while upholding revealed truth.,"Engage secular minds, uphold truth.","Natural law empowers Christians to engage secular intellectuals on philosophical grounds, maintaining the integrity of revealed truth."
"Reclaiming the Aeropagus - by Marcus B. Peter, Th.D.",https://www.marcusbpeter.com/p/reclaiming-the-aeropagus,2025-11-29,The continuity and consistency of Catholic doctrine offer a compelling alternative to the fragmentation of contemporary Christianity.,quote_card,9,theology,Catholic doctrine's consistency is a beacon amidst Christianity's fragmentation.,Catholic doctrine: A beacon of consistency.,"In a world of fragmented Christianity, the continuity of Catholic doctrine stands as a compelling alternative."
"Reclaiming the Aeropagus - by Marcus B. Peter, Th.D.",https://www.marcusbpeter.com/p/reclaiming-the-aeropagus,2025-11-29,"Catholic teaching integrates reason and revelation, providing the worldview modern culture desperately needs.",tweet,8,theology,"Catholicism integrates reason and revelation, offering the worldview our culture needs.",Catholicism: Reason and revelation united.,"Catholic teaching unites reason and revelation, offering the comprehensive worldview our modern culture desperately needs."
"Reclaiming the Aeropagus - by Marcus B. Peter, Th.D.",https://www.marcusbpeter.com/p/reclaiming-the-aeropagus,2025-11-29,The magisterial tradition of Catholic teaching provides resources unmatched by Protestant denominations or non-denominational movements.,long_caption,7,theology,Catholic teaching offers unmatched resources.,Catholic teaching: Unmatched resources.,The magisterial tradition of Catholic teaching offers resources that Protestant denominations or non-denominational movements cannot match.
"Reclaiming the Aeropagus - by Marcus B. Peter, Th.D.",https://www.marcusbpeter.com/p/reclaiming-the-aeropagus,2025-11-29,"Contemporary Christianity's tragedy is its retreat into maintenance mode, abandoning missionary engagement.",quote_card,9,warning,"Christianity's tragedy: retreating into maintenance mode, abandoning missionary engagement.",Christianity's tragedy: maintenance over mission.,"The tragedy of modern Christianity is its retreat into maintenance mode, forsaking the call to missionary engagement."
"Reclaiming the Aeropagus - by Marcus B. Peter, Th.D.",https://www.marcusbpeter.com/p/reclaiming-the-aeropagus,2025-11-29,"Too many leaders accept faith's marginalization, focusing on preserving believers instead of winning converts.",tweet,8,warning,"Leaders accept faith's marginalization, preserving believers instead of winning converts.",Preserve believers or win converts?,"Too many Christian leaders accept the marginalization of faith, focusing on preservation over conversion."
"Reclaiming the Aeropagus - by Marcus B. Peter, Th.D.",https://www.marcusbpeter.com/p/reclaiming-the-aeropagus,2025-11-29,A defensive Church lets secular ideologies capture culture's heights without resistance.,long_caption,8,warning,A defensive Church lets secular ideologies capture culture's heights unchallenged.,"Defensive Church, captured culture.","When the Church adopts a defensive posture, secular ideologies capture the culture's commanding heights unchallenged."
"Reclaiming the Aeropagus - by Marcus B. Peter, Th.D.",https://www.marcusbpeter.com/p/reclaiming-the-aeropagus,2025-11-29,Christianity will either transform the culture or be marginalized by it: no middle ground.,quote_card,9,theology,Christianity will either transform the culture or be marginalized: no middle ground.,Christianity transforms or is marginalized. No middle ground.,Christianity will either transform the culture or be marginalized by it. There is no middle ground.
"Reclaiming the Aeropagus - by Marcus B. Peter, Th.D.",https://www.marcusbpeter.com/p/reclaiming-the-aeropagus,2025-11-29,"Paul engaged the philosophical schools of his day on their terms, yet remained faithful to the Gospel.",tweet,8,conversion,"Paul engaged the philosophies of his day on their terms, yet stayed true to the Gospel.","Engage culture, remain faithful.","Paul engaged the philosophical schools of his day on their terms, yet remained faithful to the Gospel message."
"Reclaiming the Aeropagus - by Marcus B. Peter, Th.D.",https://www.marcusbpeter.com/p/reclaiming-the-aeropagus,2025-11-29,"Paul sought out the cultural and intellectual centers of pagan civilization, refusing to limit himself to safe spaces.",long_caption,7,masculine_callout,"Paul sought out the cultural centers of pagan civilization, refusing to stay in safe spaces.","Seek the cultural centers, not safe spaces.","Paul sought out the cultural and intellectual centers of pagan civilization, refusing to limit himself to safe spaces."
"Reclaiming the Aeropagus - by Marcus B. Peter, Th.D.",https://www.marcusbpeter.com/p/reclaiming-the-aeropagus,2025-11-29,Christians must leave comfort zones to engage secular forces opposing biblical truth.,tweet,9,conversion,Christians must leave comfort zones to engage secular forces opposing biblical truth.,Leave comfort zones. Engage secular forces.,"To restore Christian influence, we must leave our comfort zones and engage the secular forces that oppose biblical truth."
"Reclaiming the Aeropagus - by Marcus B. Peter, Th.D.",https://www.marcusbpeter.com/p/reclaiming-the-aeropagus,2025-11-29,Recover the missionary mindset to restore Christian influence in the West.,quote_card,8,theology,Recover the missionary mindset to restore Christian influence in the West.,Recover the missionary mindset.,"To restore Christian influence in Western civilization, we must recover the missionary mindset."
"Reclaiming the Aeropagus - by Marcus B. Peter, Th.D.",https://www.marcusbpeter.com/p/reclaiming-the-aeropagus,2025-11-29,Intellectual preparation and cultural sophistication are essential for effective communication with secular audiences.,long_caption,7,theology,Intellectual preparation and cultural sophistication are essential for engaging secular audiences.,Prepare intellectually. Engage effectively.,"To communicate effectively with secular audiences, Christians need intellectual preparation and cultural sophistication."
"Reclaiming the Aeropagus - by Marcus B. Peter, Th.D.",https://www.marcusbpeter.com/p/reclaiming-the-aeropagus,2025-11-29,Every institution Christians abandon becomes a platform for anti-Christian indoctrination.,quote_card,9,warning,Abandoned institutions become platforms for anti-Christian indoctrination.,Abandonment breeds indoctrination.,Every institution Christians abandon becomes a platform for anti-Christian indoctrination. We cannot afford to lose this ground.
"Reclaiming the Aeropagus - by Marcus B. Peter, Th.D.",https://www.marcusbpeter.com/p/reclaiming-the-aeropagus,2025-11-29,Every battlefield Christians refuse to contest becomes a stronghold for ideologies opposed to human flourishing.,tweet,8,warning,Uncontested battlefields become strongholds for ideologies against human flourishing.,Contest or concede.,Every battlefield Christians refuse to contest becomes a stronghold for ideologies opposed to human flourishing. Stand firm.
"Reclaiming the Aeropagus - by Marcus B. Peter, Th.D.",https://www.marcusbpeter.com/p/reclaiming-the-aeropagus,2025-11-29,Every cultural conversation Christians exit allows secular voices to define reality by materialistic assumptions.,long_caption,7,warning,Exiting conversations lets secular voices define reality by materialism.,Silence concedes reality.,Every cultural conversation Christians exit allows secular voices to define reality by materialistic assumptions. Engage or be defined.
"Reclaiming the Aeropagus - by Marcus B. Peter, Th.D.",https://www.marcusbpeter.com/p/reclaiming-the-aeropagus,2025-11-29,The secularization of education has erased Christianity’s intellectual heritage.,quote_card,9,warning,Secular education has erased Christianity’s intellectual heritage.,Secular education erases Christianity.,"The secularization of public education has erased Christianity’s intellectual heritage, leaving generations in ignorance."
"Reclaiming the Aeropagus - by Marcus B. Peter, Th.D.",https://www.marcusbpeter.com/p/reclaiming-the-aeropagus,2025-11-29,"Entertainment media, captured by secular ideologies, normalizes once-unthinkable worldviews.",tweet,8,warning,Secular media normalizes unthinkable worldviews.,Media normalizes the unthinkable.,Secular ideologies in entertainment media have normalized worldviews that were once unthinkable.
"Reclaiming the Aeropagus - by Marcus B. Peter, Th.D.",https://www.marcusbpeter.com/p/reclaiming-the-aeropagus,2025-11-29,Christian disengagement from cultural apologetics has a steep price.,long_caption,7,theology,Christian disengagement has a steep price.,Disengagement costs us dearly.,The price of Christian disengagement from cultural apologetics is steep and increasingly evident.
"Reclaiming the Aeropagus - by Marcus B. Peter, Th.D.",https://www.marcusbpeter.com/p/reclaiming-the-aeropagus,2025-11-29,Secular ideologies thrive when Christian voices retreat from public life.,quote_card,9,warning,Secular ideologies thrive when Christian voices retreat from public life.,Secular ideologies thrive when Christians retreat.,Secular ideologies thrive when Christian voices retreat from public life. We must reclaim our place in intellectual discourse.
"Reclaiming the Aeropagus - by Marcus B. Peter, Th.D.",https://www.marcusbpeter.com/p/reclaiming-the-aeropagus,2025-11-29,Rejecting Christianity is falsely seen as a requirement for sophisticated thinking.,tweet,8,theology,Rejecting Christianity is falsely seen as a requirement for sophisticated thinking.,Sophistication doesn't require rejecting faith.,Rejecting Christianity is falsely seen as a requirement for sophisticated thinking. True wisdom embraces faith and reason.
"Reclaiming the Aeropagus - by Marcus B. Peter, Th.D.",https://www.marcusbpeter.com/p/reclaiming-the-aeropagus,2025-11-29,Young Christians see their faith as intellectually unsustainable in academia. We must change this narrative.,long_caption,7,conversion,Young Christians see their faith as intellectually unsustainable in academia.,Faith is not intellectual surrender.,Young Christians see their faith as intellectually unsustainable in academia. We must change this narrative and show that faith and reason coexist.
"Reclaiming the Aeropagus - by Marcus B. Peter, Th.D.",https://www.marcusbpeter.com/p/reclaiming-the-aeropagus,2025-11-29,Ideologies promise meaning but deliver nihilism and despair.,quote_card,9,warning,Ideologies promise meaning but deliver nihilism and despair.,Ideologies promise meaning but deliver despair.,Beware of ideologies that promise meaning but deliver only nihilism and despair.
"Reclaiming the Aeropagus - by Marcus B. Peter, Th.D.",https://www.marcusbpeter.com/p/reclaiming-the-aeropagus,2025-11-29,Christians have abdicated their responsibility to engage intellectually with culture.,tweet,8,theology,Christians have abdicated their responsibility to engage intellectually with culture.,Christians must engage intellectually.,Christians have abdicated their responsibility to engage intellectually with contemporary culture. It's time to reclaim our voice.
"Reclaiming the Aeropagus - by Marcus B. Peter, Th.D.",https://www.marcusbpeter.com/p/reclaiming-the-aeropagus,2025-11-29,Therapeutic culture promises liberation but destroys the moral categories necessary for genuine human flourishing.,long_caption,8,warning,Therapeutic culture promises liberation but destroys moral categories necessary for flourishing.,Therapeutic culture destroys moral foundations.,The therapeutic culture promises liberation from guilt and shame but destroys the moral categories necessary for genuine human flourishing.
"Reclaiming the Aeropagus - by Marcus B. Peter, Th.D.",https://www.marcusbpeter.com/p/reclaiming-the-aeropagus,2025-11-29,The maintenance mentality must give way to missionary boldness.,quote_card,9,conversion,The maintenance mentality must give way to missionary boldness.,From maintenance to missionary boldness.,Contemporary Christianity's maintenance mentality must yield to the missionary boldness of Paul in Athens.
"Reclaiming the Aeropagus - by Marcus B. Peter, Th.D.",https://www.marcusbpeter.com/p/reclaiming-the-aeropagus,2025-11-29,Christian leaders must equip believers with intellectual tools for cultural apologetics.,long_caption,8,theology,Equip believers with intellectual tools for cultural apologetics.,Equip believers for cultural apologetics.,Christian leaders must arm believers with the intellectual tools necessary for effective cultural apologetics.
"Reclaiming the Aeropagus - by Marcus B. Peter, Th.D.",https://www.marcusbpeter.com/p/reclaiming-the-aeropagus,2025-11-29,The cultural retreat devastates young adults.,tweet,7,warning,Cultural retreat devastates young adults.,Cultural retreat's toll on youth.,The cultural retreat has particularly devastating consequences for young adults.
"Reclaiming the Aeropagus - by Marcus B. Peter, Th.D.",https://www.marcusbpeter.com/p/reclaiming-the-aeropagus,2025-11-29,Cultural apologetics is warfare: a battle for the hearts and minds of civilizations.,quote_card,9,theology,Cultural apologetics is warfare: a battle for hearts and minds.,Cultural apologetics is warfare.,Cultural apologetics is warfare: a battle for the hearts and minds of entire civilizations.
"Reclaiming the Aeropagus - by Marcus B. Peter, Th.D.",https://www.marcusbpeter.com/p/reclaiming-the-aeropagus,2025-11-29,Victory in cultural warfare requires Christians with deep theological knowledge and cultural awareness.,long_caption,8,theology,Victory requires Christians with deep theology and cultural awareness.,Victory requires deep theology.,Victory in cultural warfare requires Christians who possess both deep theological knowledge and sophisticated cultural awareness.
"Reclaiming the Aeropagus - by Marcus B. Peter, Th.D.",https://www.marcusbpeter.com/p/reclaiming-the-aeropagus,2025-11-29,The Catholic intellectual tradition offers unmatched resources for cultural engagement.,tweet,8,theology,Catholic intellectual tradition offers unmatched resources for cultural engagement.,Catholic tradition: unmatched resources.,The Catholic intellectual tradition provides the most comprehensive resources for cultural engagement.
"Reclaiming the Aeropagus - by Marcus B. Peter, Th.D.",https://www.marcusbpeter.com/p/reclaiming-the-aeropagus,2025-11-29,Christians must reclaim every sphere of cultural influence with strategic intentionality.,quote_card,8,theology,Christians must reclaim every cultural sphere with strategic intentionality.,Reclaim every cultural sphere.,Christians must reclaim every sphere of cultural influence with the strategic intentionality of successful secular movements.
"Reclaiming the Aeropagus - by Marcus B. Peter, Th.D.",https://www.marcusbpeter.com/p/reclaiming-the-aeropagus,2025-11-29,Develop alternative institutions that compete with secular platforms while staying true to Christian principles.,tweet,9,theology,"Create institutions that compete with secular platforms, staying true to Christian principles.",Compete with secular platforms.,Develop alternative institutions capable of competing with secular platforms while maintaining fidelity to Christian principles.
"Reclaiming the Aeropagus - by Marcus B. Peter, Th.D.",https://www.marcusbpeter.com/p/reclaiming-the-aeropagus,2025-11-29,Effective evangelization demands sophisticated cultural apologetics.,quote_card,9,theology,Evangelization demands sophisticated cultural apologetics.,Evangelization demands cultural apologetics.,"To evangelize effectively today, Christians must master sophisticated cultural apologetics."
"Reclaiming the Aeropagus - by Marcus B. Peter, Th.D.",https://www.marcusbpeter.com/p/reclaiming-the-aeropagus,2025-11-29,Neglecting cultural engagement means accepting the marginalization of Christian influence.,warning,8,warning,"Neglect cultural engagement, and Christian influence fades.","Neglect culture, lose influence.","Without cultural engagement, Christians risk the marginalization and eventual elimination of their influence."
"Reclaiming the Aeropagus - by Marcus B. Peter, Th.D.",https://www.marcusbpeter.com/p/reclaiming-the-aeropagus,2025-11-29,Natural law provides rational arguments for human dignity and moral truth that secular ideologies cannot sustain.,quote_card,9,theology,Natural law offers rational arguments for dignity and truth that secular ideologies can't sustain.,Natural law defends dignity and truth.,"Natural law provides rational arguments for human dignity and moral truth, which secular ideologies ultimately cannot sustain."
"Reclaiming the Aeropagus - by Marcus B. Peter, Th.D.",https://www.marcusbpeter.com/p/reclaiming-the-aeropagus,2025-11-29,Christians have the intellectual resources for cultural apologetics but lack the missionary boldness to deploy them.,tweet,8,conversion,Christians have the resources for cultural apologetics but lack the boldness to use them.,"Boldness, not resources, is lacking.",Christians possess the intellectual resources for cultural apologetics but lack the missionary boldness to deploy them strategically.
"Reclaiming the Aeropagus - by Marcus B. Peter, Th.D.",https://www.marcusbpeter.com/p/reclaiming-the-aeropagus,2025-11-29,The urgency of our mission is clear when we consider the global persecution of Christians today.,long_caption,7,warning,Our mission's urgency is clear amid global Christian persecution.,Urgency amid persecution.,The urgency of our mission becomes particularly clear when we consider the global persecution facing Christians today.
"Reclaiming the Aeropagus - by Marcus B. Peter, Th.D.",https://www.marcusbpeter.com/p/reclaiming-the-aeropagus,2025-11-29,The Gospel transforms cultures when proclaimed with intellectual rigor.,quote_card,9,conversion,The Gospel transforms cultures when proclaimed with intellectual rigor.,The Gospel transforms cultures.,The Gospel retains its power to transform cultures and civilizations when proclaimed with intellectual rigor and cultural sophistication.
"Reclaiming the Aeropagus - by Marcus B. Peter, Th.D.",https://www.marcusbpeter.com/p/reclaiming-the-aeropagus,2025-11-29,Will Christians today have the courage to proclaim truth to power?,tweet,8,masculine_callout,Will Christians today have the courage to proclaim truth to power?,Proclaim truth to power.,The only question is whether contemporary Christians will have the courage to proclaim truth to power as Paul did centuries ago.
"Reclaiming the Aeropagus - by Marcus B. Peter, Th.D.",https://www.marcusbpeter.com/p/reclaiming-the-aeropagus,2025-11-29,The future of Christian civilization may depend on our courage to speak truth.,long_caption,7,warning,The future of Christian civilization may depend on our courage to speak truth.,The future depends on our courage.,The future of Christian civilization may well depend upon our courage to ascend the hill and proclaim truth.
